image_id,angle,speed
0,0.50859976,0.0063533783
1,0.6860014,1.0
2,0.67449117,1.0
3,0.779947,1.4352799e-05
4,0.49830255,1.0
5,0.4841382,1.0
6,0.86958075,1.0
7,0.64812756,0.99384767
8,0.51120204,1.0
9,0.51099044,0.00022922755
10,0.762583,0.99990237
11,0.324611,1.0
12,0.7034708,1.0
13,0.09217838,0.99990237
14,0.79378873,0.9995117
15,0.7597369,1.0
16,0.75775623,1.0
17,0.5002248,0.0010077
18,0.6639514,0.3074463
19,0.85524833,0.00052256585
20,0.5303043,0.0036882877
21,0.74845856,1.0
22,0.53292644,1.0
23,0.24249952,0.14593649
24,0.7610907,0.00024443865
25,0.75390995,0.0029101013
26,0.05525274,0.00071418285
27,0.51745135,0.0007227659
28,0.7573059,1.0
29,0.6372032,0.4859375
30,0.70868605,0.9998047
31,0.50109977,1.0
32,0.521267,1.0
33,0.82309866,1.0
34,0.36092764,0.80908203
35,0.13012347,1.0
36,0.8147438,0.99990237
37,0.21106866,1.0
38,0.65191877,1.0
39,0.5041045,1.0
40,0.76073784,1.0
41,0.7764893,1.0
42,0.06911312,0.00012229681
43,0.72931665,0.00019772052
44,0.70339113,0.00011696816
45,0.47905582,0.0001386404
46,0.5180508,0.012079644
47,0.5286401,0.0023078204
48,0.5340406,0.0020891665
49,0.42887974,1.0
50,0.72333443,1.0
51,0.5929185,0.043559454
52,0.2365931,5.853176e-06
53,0.60316825,7.617474e-06
54,0.5159771,1.0
55,0.4938429,8.9919566e-05
56,0.4863502,1.0
57,0.51037663,0.00013127326
58,0.53292215,0.0014265894
59,0.50103265,1.0
60,0.5332684,1.0
61,0.6451665,0.00018019676
62,0.4554692,1.0
63,0.59654874,0.977832
64,0.81742686,0.99990237
65,0.4887936,0.00010677576
66,0.13230689,1.0
67,0.4990669,1.0
68,0.50076246,1.0
69,0.13110611,1.0
70,0.14352204,1.0
71,0.7455274,6.613731e-05
72,0.5005314,1.4090538e-05
73,0.5094086,1.0
74,0.17254797,0.9998047
75,0.51183736,1.9836425e-05
76,0.5194003,0.9986328
77,0.49848995,1.9550323e-05
78,0.54208106,9.441375e-06
79,0.75262564,1.0
80,0.49547356,1.3363361e-05
81,0.5267089,0.0048868894
82,0.12227799,1.0
83,0.50983775,0.32097167
84,0.25825924,0.99902344
85,0.5120781,6.0796738e-06
86,0.7718684,1.0
87,0.19437233,0.9976562
88,0.5198862,1.0
89,0.8555536,0.00042107105
90,0.21458912,1.0
91,0.49394345,0.9857422
92,0.5331048,1.0
93,0.1158445,1.0
94,0.51964587,1.0
95,0.13134977,1.0
96,0.5155963,1.0
97,0.85473955,0.00034134387
98,0.52969444,1.0
99,0.48851532,9.632111e-06
100,0.50385267,8.366108e-05
101,0.480858,1.0
102,0.82714653,0.0004513979
103,0.4928127,0.9993164
104,0.18409416,1.0
105,0.504264,8.3434585e-05
106,0.4883403,1.0
107,0.4929378,1.0
108,0.3131854,1.0
109,0.76486826,1.6009808e-05
110,0.22981794,0.00014121532
111,0.8116585,1.0
112,0.73466635,1.0
113,0.78388184,1.0
114,0.55535585,1.0
115,0.48712674,1.0
116,0.49128085,6.425381e-05
117,0.49685794,0.0007270098
118,0.6723078,1.13248825e-05
119,0.14935216,1.0
120,0.50276685,1.9311906e-06
121,0.5408303,1.0
122,0.10015955,1.0
123,0.7254489,1.0
124,0.5091681,4.4429304e-05
125,0.7353147,4.9710275e-06
126,0.7815269,1.0
127,0.4979685,0.00022108555
128,0.14246035,0.9410156
129,0.7143735,1.38759615e-05
130,0.82717115,0.9994141
131,0.50721157,0.0002955556
132,0.66848296,1.0
133,0.28974584,8.187294e-05
134,0.6738348,0.051260374
135,0.77060395,1.0
136,0.49156237,0.000380826
137,0.1427699,0.99990237
138,0.5048286,1.3267994e-05
139,0.62027967,1.0
140,0.15634203,1.0
141,0.119812205,1.0
142,0.79292154,1.0
143,0.512578,0.8226563
144,0.6663891,0.9742187
145,0.2304403,0.00011484623
146,0.764948,0.99990237
147,0.5036031,1.6367436e-05
148,0.5024173,2.4795532e-05
149,0.5157177,1.5246868e-05
150,0.5094049,1.7762184e-06
151,0.4944368,8.034706e-06
152,0.7982952,0.00025873183
153,0.79896724,1.0
154,0.7684873,1.0
155,0.49119273,1.0
156,0.48093033,1.0
157,0.5529598,1.0
158,0.42677817,0.30429688
159,0.5498004,1.0
160,0.5032824,1.0371208e-06
161,0.52331406,0.19990835
162,0.5050374,1.0
163,0.49288583,1.0
164,0.5005197,1.0
165,0.761268,1.0
166,0.432728,1.0
167,0.060057275,5.3465366e-05
168,0.40699035,1.0
169,0.67558897,1.1646747e-05
170,0.53635424,2.6345253e-06
171,0.51828635,1.0
172,0.8135227,1.0
173,0.8433164,0.00015785694
174,0.52156526,0.18411326
175,0.1623876,0.0004786253
176,0.07739443,0.00011873245
177,0.5079362,1.0
178,0.778622,0.99990237
179,0.502508,1.0
180,0.16926365,1.0
181,0.77958953,1.17659565e-05
182,0.77123547,1.0
183,0.7474867,1.0
184,0.48600477,1.0
185,0.5108889,1.0
186,0.8547767,0.002190256
187,0.5185518,1.0
188,0.8030664,0.00016331673
189,0.10445104,1.0
190,0.5366767,1.0
191,0.5053879,1.0
192,0.50604284,1.8191338e-05
193,0.8957102,0.0046765567
194,0.8803934,6.33955e-05
195,0.85594827,4.1401385e-05
196,0.7678272,1.0
197,0.5398878,1.0
198,0.83137834,4.903078e-05
199,0.62158704,1.0
200,0.5216583,0.00022906065
201,0.49898678,1.0
202,0.5007539,0.0034773827
203,0.8375661,0.994043
204,0.5171018,0.26450196
205,0.4917199,2.4819374e-05
206,0.51153934,0.0003192663
207,0.52240384,1.1444092e-06
208,0.69358695,1.0
209,0.48467484,0.9998047
210,0.67953026,1.0
211,0.5586238,0.0031069994
212,0.78292465,1.2254715e-05
213,0.5110903,0.013119316
214,0.4655362,1.0
215,0.5002945,0.00017654896
216,0.7467554,1.0
217,0.4685537,1.0
218,0.8647088,0.0004394531
219,0.2684673,1.0
220,0.43314272,0.3783203
221,0.50918573,1.0
222,0.73243785,0.00092351437
223,0.5124596,1.0
224,0.5016147,3.9696693e-06
225,0.48425412,0.9995117
226,0.49798074,1.783371e-05
227,0.49121547,1.0
228,0.2474517,6.401539e-06
229,0.4693357,1.0
230,0.47248632,1.0
231,0.7271016,6.859303e-05
232,0.703879,1.0
233,0.48621598,0.23546752
234,0.4936325,0.45463866
235,0.77094114,1.2540817e-05
236,0.5072724,1.0
237,0.7736679,4.143715e-05
238,0.30958122,1.0
239,0.16534668,0.013897288
240,0.4898983,9.268522e-05
241,0.51949203,0.0007740498
242,0.7619736,1.0
243,0.7665769,1.0
244,0.5038627,1.0
245,0.93742406,0.00022780895
246,0.5155584,1.3279915e-05
247,0.54978544,1.0
248,0.59600055,0.20128274
249,0.4903472,0.002333808
250,0.46748763,0.9998047
251,0.7575123,0.00011882782
252,0.5047014,5.710125e-06
253,0.49013218,0.00030064583
254,0.49773026,1.0
255,0.6670742,1.475811e-05
256,0.50005823,1.0
257,0.08854203,1.0
258,0.509056,9.819269e-05
259,0.5091093,6.532669e-06
260,0.5077451,9.763241e-06
261,0.50061667,0.00033917426
262,0.5322773,0.045604922
263,0.52436894,1.0
264,0.067178056,8.548498e-05
265,0.7906319,0.9998047
266,0.2129633,1.0
267,0.15926072,4.2903423e-05
268,0.5737536,7.3611736e-05
269,0.5060499,0.0026816367
270,0.14302453,2.5391579e-05
271,0.57764566,4.658699e-05
272,0.92189217,0.0013969422
273,0.518159,0.00045547486
274,0.68275577,0.99990237
275,0.14868596,0.99960935
276,0.50872105,1.8024444e-05
277,0.6036925,6.0510636e-05
278,0.49408802,2.629757e-05
279,0.7532652,1.0
280,0.52332324,1.0
281,0.13125835,1.0
282,0.13723455,1.0
283,0.8209195,1.0
284,0.73260784,0.00014406443
285,0.5002956,0.026346207
286,0.4971828,4.912615e-05
287,0.50389683,4.235506e-05
288,0.6116801,6.186962e-05
289,0.7525065,1.0
290,0.5223672,1.0
291,0.7778574,1.0
292,0.64792234,0.99990237
293,0.85559636,0.00010406971
294,0.4924822,0.5845215
295,0.5674089,1.0
296,0.7897047,0.99990237
297,0.5185408,0.0013474703
298,0.835729,6.774664e-05
299,0.5165336,0.0006554723
300,0.7861125,1.0
301,0.24700563,1.0
302,0.49245396,0.001382649
303,0.50099677,0.009677088
304,0.7001045,3.0076504e-05
305,0.2166762,0.0031493187
306,0.517934,0.00080293417
307,0.52338773,0.0005463362
308,0.48277926,0.00012390614
309,0.52279854,1.0
310,0.74650687,0.00011211634
311,0.48606864,0.24077149
312,0.70106304,0.0003419399
313,0.80264264,0.99990237
314,0.49513006,5.4836273e-06
315,0.5516489,1.0
316,0.46864924,0.9998047
317,0.06062909,0.00043467284
318,0.5157212,0.010432983
319,0.7084963,0.29594725
320,0.45904532,0.00043275356
321,0.70260495,0.040984154
322,0.5006125,0.00017459392
323,0.7457806,0.0005228281
324,0.1130538,1.0
325,0.73874164,1.0
326,0.4941884,1.0
327,0.8137987,1.0
328,0.90222466,4.94957e-05
329,0.12216504,6.4921376e-05
330,0.18717948,1.0
331,0.7316284,0.00033693312
332,0.50849116,1.5032291e-05
333,0.88032913,1.0
334,0.58732146,1.0
335,0.5044723,0.071618654
336,0.51312923,0.8937012
337,0.7443722,5.0532817e-05
338,0.48553485,4.529953e-06
339,0.7526634,1.0
340,0.7386414,1.0
341,0.3109023,1.0
342,0.77426517,1.0
343,0.5200429,1.0
344,0.20833082,1.0
345,0.13229278,1.0
346,0.55996525,1.0
347,0.81280196,0.0013613224
348,0.1584152,1.0
349,0.15333132,1.0
350,0.13820338,1.0
351,0.50047743,1.4591217e-05
352,0.51477116,1.0
353,0.52305824,3.2305718e-06
354,0.7769836,1.0
355,0.5007385,1.0
356,0.16475582,0.99990237
357,0.89649427,7.907152e-05
358,0.5081208,0.010503483
359,0.50175846,1.0
360,0.73358065,0.00020697116
361,0.6528139,0.17347412
362,0.5885955,1.0
363,0.7579738,8.862019e-05
364,0.3864997,1.0
365,0.7833389,1.0
366,0.4104322,1.0
367,0.7505034,1.0
368,0.4899873,2.9051303e-05
369,0.6291927,1.0
370,0.49342194,1.0
371,0.5224658,0.99990237
372,0.5177246,1.0
373,0.53293455,1.0
374,0.51020175,1.3935566e-05
375,0.77940583,0.9986328
376,0.53818595,1.6474723e-05
377,0.3732733,6.794929e-07
378,0.53906906,0.00023553372
379,0.6756857,0.96884763
380,0.51698345,0.0007486582
381,0.5159204,1.0
382,0.8472992,0.0002612591
383,0.742921,1.0
384,0.7036379,1.8823146e-05
385,0.5131925,1.2016297e-05
386,0.52871245,1.0
387,0.515303,5.6385993e-06
388,0.16096278,1.0
389,0.6030741,1.0
390,0.7880994,0.99990237
391,0.5033334,1.0
392,0.50497806,0.5152832
393,0.5404006,0.14400634
394,0.124286816,1.0
395,0.5592945,1.0
396,0.7463471,1.0
397,0.49252385,1.0
398,0.6658818,0.018828964
399,0.09374416,1.0
400,0.9060162,1.0
401,0.46733174,1.0
402,0.5184469,4.2688847e-05
403,0.74668443,1.0
404,0.48533386,1.0
405,0.5315175,0.0003815174
406,0.26625544,0.9933594
407,0.49101195,6.560087e-05
408,0.5801157,1.0
409,0.7217103,8.46386e-06
410,0.16687308,1.0
411,0.7640872,1.0
412,0.76191336,0.9998047
413,0.47947615,1.0
414,0.49719134,1.2636185e-05
415,0.8315123,7.610321e-05
416,0.49952412,2.2888184e-05
417,0.15178494,1.0
418,0.7994853,0.0024503588
419,0.7749709,0.99990237
420,0.12194647,1.0
421,0.5038736,2.1576882e-06
422,0.73567647,2.3901463e-05
423,0.49224997,0.00017858743
424,0.49637395,0.036684416
425,0.50905365,1.0
426,0.4936909,0.05618874
427,0.540851,1.0
428,0.5509505,1.0
429,0.49658766,1.0
430,0.58014697,0.5309082
431,0.26786467,1.0
432,0.92004746,0.0012438179
433,0.1093988,1.695156e-05
434,0.5037595,1.6856193e-05
435,0.4532338,0.09528808
436,0.9011475,0.99921876
437,0.4789536,5.5849552e-05
438,0.49846333,2.1338462e-06
439,0.5135867,0.2566406
440,0.24299712,1.0
441,0.64783,0.00040414333
442,0.51116645,0.0014775991
443,0.46409422,0.8748535
444,0.49922833,1.0
445,0.5721443,1.0
446,0.763339,1.0
447,0.17602047,6.482601e-05
448,0.4981757,0.9982422
449,0.76616937,0.000118255615
450,0.720243,5.4597855e-05
451,0.74804693,4.5990942e-05
452,0.8719341,0.99990237
453,0.5383722,0.0013190508
454,0.50372064,0.0032830238
455,0.52539027,1.0
456,0.12405892,2.2602082e-05
457,0.5050004,2.0742416e-06
458,0.70816404,1.553297e-05
459,0.823545,1.0
460,0.7302945,1.0
461,0.5669763,1.1086464e-05
462,0.15925615,1.0
463,0.7583084,0.00031354427
464,0.3285975,0.00016294718
465,0.92153895,7.747412e-05
466,0.4911558,4.1007997e-06
467,0.5015058,1.0
468,0.73086005,3.4332275e-05
469,0.53234464,1.1920929e-06
470,0.67429674,0.99990237
471,0.49733084,1.0
472,0.51269615,0.35393065
473,0.5255861,0.00011125803
474,0.49336663,1.0
475,0.5088459,0.00018492938
476,0.6036144,1.0
477,0.50194144,3.516674e-06
478,0.35952458,1.0
479,0.2173317,0.00019894839
480,0.13400547,1.0
481,0.50772357,9.095669e-06
482,0.10840126,1.0
483,0.5128122,0.00087008474
484,0.14728048,1.0
485,0.49824715,1.0
486,0.5052701,4.220009e-06
487,0.5079347,2.2053719e-06
488,0.7727002,1.0
489,0.5224282,0.0002472639
490,0.52238506,1.0
491,0.78327495,0.9998047
492,0.50431687,8.893013e-06
493,0.65086955,1.0
494,0.6563638,0.03575077
495,0.5070972,0.24464265
496,0.57808626,1.0
497,0.5301234,1.0
498,0.13447888,0.00024142265
499,0.518693,1.8548966e-05
500,0.09314766,1.0
501,0.51667374,0.00069446565
502,0.49919105,0.00059059856
503,0.5165542,1.0
504,0.5047782,5.00679e-06
505,0.72539985,9.36985e-06
506,0.7977602,0.00010603666
507,0.77514535,8.329153e-05
508,0.5047378,1.14560125e-05
509,0.5075462,1.0
510,0.5081714,0.004781914
511,0.4988957,0.10588169
512,0.9235877,0.00021680593
513,0.27560353,1.0
514,0.1455591,1.0
515,0.50790554,0.00034145117
516,0.4829062,1.0
517,0.90939015,0.000440526
518,0.4734067,1.0
519,0.53321654,1.0
520,0.30544662,1.0
521,0.5029793,1.8191338e-05
522,0.5070449,1.0
523,0.18637154,0.00017790795
524,0.14827116,1.0
525,0.2024144,1.0
526,0.92756766,6.5732005e-05
527,0.5080335,8.010864e-06
528,0.5412155,8.487701e-06
529,0.52773565,0.41737062
530,0.06947555,3.3688546e-05
531,0.7477479,9.2947485e-05
532,0.5346918,0.5384277
533,0.49398294,2.462864e-05
534,0.81236964,1.0
535,0.5302265,3.142357e-05
536,0.14456314,1.0
537,0.49654636,1.0
538,0.74513876,0.0011587978
539,0.5057724,4.982948e-06
540,0.5710924,1.0
541,0.48162666,0.00064314605
542,0.48658577,1.0
543,0.5115534,2.7894973e-06
544,0.7608528,1.0
545,0.53301007,1.0
546,0.7883934,1.0
547,0.6317441,1.0
548,0.7615674,1.0
549,0.72504413,1.0
550,0.5205396,0.9977539
551,0.50165975,2.884865e-06
552,0.519012,1.0383129e-05
553,0.14692435,1.0
554,0.7387104,0.00055366755
555,0.12900431,1.0
556,0.7218793,0.00019049644
557,0.5374773,0.000104248524
558,0.5278766,0.000769043
559,0.5036144,0.000112044814
560,0.505731,0.0003119707
561,0.47258416,1.0
562,0.4817156,0.35473633
563,0.43434277,1.0
564,0.48713464,0.99960935
565,0.5072082,0.00016380548
566,0.79837155,1.0
567,0.7964948,0.00023627281
568,0.7843274,1.0
569,0.7695697,1.0
570,0.084568486,6.0367584e-05
571,0.61252123,1.0
572,0.5090709,0.99990237
573,0.5004144,0.00023911
574,0.51126593,0.08616398
575,0.49413043,1.1682511e-06
576,0.50871384,0.23219451
577,0.5254893,1.0
578,0.7773975,1.0
579,0.5061587,0.99990237
580,0.5155083,0.005003738
581,0.5090203,1.795292e-05
582,0.5057275,3.4213067e-06
583,0.5116573,9.143352e-06
584,0.4983591,0.00023636819
585,0.27927342,1.0
586,0.53539383,1.0
587,0.51438916,9.416342e-05
588,0.8284313,1.0
589,0.5852636,1.0
590,0.5110509,3.1590462e-06
591,0.5190145,0.51601565
592,0.52996534,0.00012552738
593,0.10467992,0.9994141
594,0.4187397,1.0
595,0.51743305,0.2843628
596,0.5359069,0.00014679432
597,0.49873814,0.0002011776
598,0.77345794,2.478361e-05
599,0.5294102,0.02232579
600,0.50832456,1.963377e-05
601,0.38448334,1.0
602,0.5101507,1.0
603,0.517336,7.531643e-05
604,0.27038983,1.0
605,0.5180422,1.0
606,0.53731716,0.036565207
607,0.45662776,0.99990237
608,0.52616644,0.022975922
609,0.5248742,0.003704536
610,0.4351302,0.3453234
611,0.49511543,8.428096e-06
612,0.64151865,0.00051196816
613,0.38324168,1.0
614,0.78940487,0.99990237
615,0.5169179,0.00014559031
616,0.512637,0.64511716
617,0.18913677,1.0
618,0.5093063,0.00029319525
619,0.5010507,0.022373771
620,0.5129117,0.9933594
621,0.50639015,9.894371e-06
622,0.6357421,2.8300285e-05
623,0.51725733,6.8724155e-05
624,0.43173409,0.00046384335
625,0.70490587,0.9998047
626,0.20604047,0.00046794413
627,0.48646313,3.33786e-07
628,0.9211218,4.233122e-05
629,0.46901956,0.9998047
630,0.22531053,0.25268555
631,0.4854127,0.99902344
632,0.5054199,0.0012641192
633,0.7236945,1.0
634,0.7717601,1.0
635,0.49736944,0.00024635793
636,0.48340315,0.00052325724
637,0.7583064,1.0
638,0.7441342,0.00010613203
639,0.7172071,1.0
640,0.10404813,1.0
641,0.4311893,0.00178262
642,0.51079017,9.303093e-05
643,0.50381625,1.0
644,0.51245695,0.00021514893
645,0.6680161,1.9466877e-05
646,0.49609128,1.9311906e-06
647,0.16291416,1.0
648,0.9079112,0.0007568598
649,0.5135976,0.5613281
650,0.73627174,0.00027561188
651,0.51921093,1.0
652,0.51190937,2.3841858e-06
653,0.25582477,1.0
654,0.53087986,0.00014001131
655,0.49540335,1.0
656,0.6706523,0.98222655
657,0.73652166,1.0
658,0.508475,0.0011327624
659,0.4978899,0.000172472
660,0.21342358,1.0
661,0.69882613,0.00070711377
662,0.6734708,1.0
663,0.4941472,0.000113403796
664,0.6308731,0.55822754
665,0.50180423,2.4867059e-05
666,0.89787626,1.0
667,0.79587644,1.0
668,0.5272873,1.0
669,0.7887315,1.0
670,0.15687177,0.9995117
671,0.7623863,0.00015226603
672,0.80869657,3.8945676e-05
673,0.4995286,0.0007553935
674,0.5109685,0.00016238689
675,0.69741964,0.00052495004
676,0.12093894,1.0
677,0.8068894,1.0
678,0.6825168,4.13537e-05
679,0.5808716,1.8525123e-05
680,0.13489094,1.0
681,0.8493098,0.0001600027
682,0.48796773,1.0
683,0.5008224,0.0009393692
684,0.49344057,9.667873e-06
685,0.7785153,1.0
686,0.5267347,0.012116623
687,0.503018,2.4437904e-06
688,0.51069176,1.0
689,0.77774704,1.0
690,0.8701218,1.0
691,0.49325562,1.0
692,0.058959115,7.380247e-05
693,0.6943676,1.0
694,0.77146125,1.0
695,0.47596893,0.0004009962
696,0.6383045,1.0
697,0.8684615,0.00018275976
698,0.7103483,1.0
699,0.50137174,3.6120414e-06
700,0.75842655,0.9993164
701,0.8137658,0.99960935
702,0.47657576,0.012336731
703,0.51078284,0.99736327
704,0.22324064,1.0
705,0.5136684,1.0
706,0.69394726,4.8816204e-05
707,0.8817865,0.00033135415
708,0.27442008,0.00040571688
709,0.50686496,6.1619285e-05
710,0.5038246,1.0
711,0.4711582,1.0
712,0.630112,0.0005164266
713,0.091766596,1.0
714,0.5238093,0.0076507567
715,0.5048984,0.0006707907
716,0.8287918,0.00043153763
717,0.59276545,1.0
718,0.69562685,0.0006102681
719,0.4847365,1.0
720,0.51756275,0.006077266
721,0.074532665,0.0004815817
722,0.51555383,1.0
723,0.6809709,1.0
724,0.59786,5.339384e-05
725,0.5113112,0.00029069185
726,0.30891412,0.4786133
727,0.5653819,0.020936012
728,0.83604497,0.0002012372
729,0.49568003,1.0
730,0.19558433,1.0
731,0.7765975,1.0
732,0.7738556,1.0
733,0.3751474,1.0
734,0.6661146,1.0
735,0.3737246,0.001246357
736,0.7277589,0.00021108388
737,0.48573264,0.002900672
738,0.24998364,1.0
739,0.5397395,0.99794924
740,0.2541338,0.00022200347
741,0.77615553,1.0
742,0.8255435,0.9291016
743,0.5116457,1.0
744,0.50979555,1.0
745,0.5067834,0.00029582978
746,0.50274825,5.762577e-05
747,0.51336867,0.00029352904
748,0.50475407,0.28571358
749,0.74662554,1.0
750,0.18993552,3.0851363e-05
751,0.80364645,0.082482435
752,0.5130616,2.0742416e-06
753,0.5056612,3.757477e-05
754,0.527898,0.0010137319
755,0.5120596,7.987022e-07
756,0.736693,0.00010162592
757,0.5215455,0.9989258
758,0.500665,7.2216986e-05
759,0.4196753,0.99482423
760,0.51395386,3.4177305e-05
761,0.50674117,5.4836273e-06
762,0.48686504,0.0036647797
763,0.49168244,1.0
764,0.51366127,4.3070315e-05
765,0.5251051,0.00022553206
766,0.7940213,1.0
767,0.7325308,1.6140937e-05
768,0.49043494,0.00049568416
769,0.4905652,3.528595e-06
770,0.5681586,0.6869141
771,0.23678954,0.99970704
772,0.80389994,3.577471e-05
773,0.50932133,1.4817715e-05
774,0.7777411,1.0
775,0.78421307,1.0
776,0.7992266,7.3575975e-05
777,0.8026484,1.0
778,0.4918991,1.0
779,0.9370204,1.0
780,0.52398455,0.00022201538
781,0.4492824,1.0
782,0.55292094,0.7884766
783,0.77097946,1.0
784,0.45411748,1.0
785,0.5188471,0.0001412034
786,0.36450273,0.99921876
787,0.4979673,0.0005081892
788,0.4978169,4.5180323e-06
789,0.44036284,3.0875206e-06
790,0.7341683,0.00048149825
791,0.756477,1.0
792,0.5228187,7.867813e-07
793,0.8337498,0.0006687045
794,0.5038518,4.2307376e-05
795,0.06367449,1.30414965e-05
796,0.48308253,0.0144493105
797,0.13357224,1.0
798,0.6505259,1.0
799,0.5938894,1.0
800,0.69855326,1.0
801,0.4819901,0.0002649307
802,0.49184123,7.677078e-06
803,0.47712326,1.0
804,0.19090003,1.0
805,0.48923367,0.0007297516
806,0.6770279,2.5629997e-05
807,0.4935072,1.0
808,0.080619924,1.0
809,0.5228758,1.5068054e-05
810,0.50491154,0.00010637045
811,0.7802094,8.49247e-05
812,0.7704059,0.0077590467
813,0.4875597,0.0007282376
814,0.83768904,0.00013000965
815,0.2160354,1.0
816,0.7696725,1.0
817,0.51340646,1.6570091e-05
818,0.52830017,2.3365021e-06
819,0.77361274,1.0
820,0.17875211,4.03285e-05
821,0.71395516,1.0
822,0.49170914,1.0
823,0.5629734,1.0
824,0.46817094,1.0
825,0.52905667,1.0
826,0.8151736,1.0
827,0.5069876,9.858608e-06
828,0.5151481,0.003053105
829,0.49831533,0.00011332035
830,0.48742533,1.0
831,0.1341861,0.006617057
832,0.49605483,0.22578125
833,0.78243464,0.9998047
834,0.880546,0.00024024249
835,0.5010184,1.0
836,0.48969322,0.72871095
837,0.19059178,0.00018559695
838,0.5215838,0.9976562
839,0.75822747,0.99990237
840,0.51751304,6.603003e-05
841,0.12009932,1.0
842,0.5100992,2.9873849e-05
843,0.50309837,1.8155575e-05
844,0.49809727,3.042221e-05
845,0.09679848,3.5619734e-05
846,0.4992338,3.7300586e-05
847,0.49400687,1.0
848,0.36142704,1.0
849,0.7567276,1.0
850,0.77662104,5.3298474e-05
851,0.5109899,1.0
852,0.4898146,0.00013489723
853,0.4897676,3.2544135e-06
854,0.52992964,1.0
855,0.46314412,0.3211914
856,0.5065864,5.340576e-05
857,0.5021703,0.00022426844
858,0.5262164,0.99970704
859,0.5275198,2.33531e-05
860,0.51952344,0.0010846615
861,0.6705492,1.0
862,0.50097114,1.0
863,0.50591946,8.13365e-05
864,0.51958597,0.00057229993
865,0.6209777,1.0
866,0.07054782,6.67572e-06
867,0.89013654,0.027061652
868,0.56581783,0.06548443
869,0.15901347,1.0
870,0.7301014,0.99716794
871,0.51543236,1.0
872,0.7723463,1.0
873,0.56595737,0.00053037406
874,0.70688635,0.0001003027
875,0.5075776,4.4703484e-06
876,0.488194,0.0005528688
877,0.57566243,1.0
878,0.7116424,1.0
879,0.49971572,7.624626e-05
880,0.5073788,1.0
881,0.50380564,0.33032227
882,0.732087,2.2161006e-05
883,0.7671529,1.0
884,0.5006286,1.0
885,0.27871138,1.0
886,0.5284584,1.0
887,0.2491518,1.0
888,0.4990953,0.00014762879
889,0.5138858,0.0016834259
890,0.18917055,1.3256073e-05
891,0.12414849,1.0
892,0.7459203,1.0
893,0.4955608,1.0
894,0.7531991,1.0
895,0.65713304,1.0
896,0.7491943,1.0
897,0.5170875,3.015995e-06
898,0.44472986,1.0
899,0.5240609,4.6491623e-05
900,0.11971223,1.0
901,0.5076291,1.0
902,0.57279336,1.0
903,0.49197364,5.924702e-06
904,0.7342792,0.99833983
905,0.53421915,1.0
906,0.75781375,1.7094611e-05
907,0.7847575,0.00020071267
908,0.50467885,0.0007955193
909,0.1890139,0.00016360283
910,0.69705284,3.064871e-05
911,0.7635132,0.00085008144
912,0.53957695,1.0
913,0.5038584,0.062140655
914,0.7136143,3.8444996e-05
915,0.18275177,5.1832198e-05
916,0.5147099,1.0
917,0.50936735,1.180172e-05
918,0.49190307,5.877018e-06
919,0.7287954,1.0
920,0.50471884,1.0
921,0.5237714,0.00030516385
922,0.5086082,0.0029565454
923,0.5118097,1.0
924,0.8493187,0.000120544435
925,0.50802076,1.0
926,0.4965349,0.00013309717
927,0.5454408,0.12664756
928,0.78845567,1.0
929,0.5238827,1.0
930,0.49350244,0.0020758628
931,0.49998778,1.0
932,0.79233235,0.00015370846
933,0.53083193,1.0
934,0.35779443,1.0
935,0.15198594,1.0
936,0.5334221,1.0
937,0.53347695,1.0
938,0.68330413,3.0493737e-05
939,0.6237583,1.0
940,0.52858114,0.09714661
941,0.6800638,0.99990237
942,0.50222397,1.0
943,0.48451576,0.000107860564
944,0.51242113,2.477169e-05
945,0.5135819,3.862381e-06
946,0.49892798,0.6154785
947,0.7293765,1.0
948,0.5235734,1.2946129e-05
949,0.55926776,0.99970704
950,0.5066307,4.4107437e-06
951,0.50285494,1.0
952,0.756622,0.99990237
953,0.46332598,3.0994415e-06
954,0.7518414,1.0
955,0.47062415,0.9998047
956,0.53574955,0.9994141
957,0.7493258,1.0
958,0.5913771,1.0
959,0.49756247,9.3770024e-05
960,0.50384855,0.00010224581
961,0.52200985,1.9717216e-05
962,0.7552,1.0
963,0.5039443,0.0007296562
964,0.4988419,1.0
965,0.16346994,1.0
966,0.77591884,0.9998047
967,0.5094437,3.8564205e-05
968,0.7889433,1.0
969,0.50016105,0.00014431476
970,0.76278126,1.0
971,0.48824412,0.9998047
972,0.52650356,1.0
973,0.50957745,0.00087338686
974,0.53871727,0.0001529932
975,0.65936446,2.2697448e-05
976,0.5103804,0.21423416
977,0.086258784,7.772445e-06
978,0.5427078,0.5662109
979,0.5792597,0.0037149668
980,0.59948474,1.0
981,0.49386272,2.861023e-05
982,0.72871196,1.0
983,0.55105203,0.98183596
984,0.78027993,1.0
985,0.5084286,1.0
986,0.7707305,2.886057e-05
987,0.43849787,1.0
988,0.5141902,3.9815905e-06
989,0.4742449,1.0
990,0.6971408,1.0
991,0.48845226,1.0
992,0.7620223,6.796121e-05
993,0.16091421,1.0
994,0.8052785,9.307861e-05
995,0.43175268,0.7669922
996,0.500494,1.5306472e-05
997,0.4839011,0.11508942
998,0.8070138,0.9946289
999,0.5231247,1.0
1000,0.2022334,1.0
1001,0.18913439,2.629757e-05
1002,0.5036302,2.0599366e-05
1003,0.47157812,0.13861883
1004,0.50649786,0.002108407
1005,0.7649206,1.0
1006,0.49453965,1.0
1007,0.52257884,1.0
1008,0.84504336,2.1421909e-05
1009,0.5031702,0.0010960341
1010,0.7367588,1.0
1011,0.5960281,1.0
1012,0.5136596,0.00019037724
1013,0.2724654,2.9039384e-05
1014,0.598693,8.951426e-05
1015,0.15732522,1.0
1016,0.6496531,1.0
1017,0.48912525,0.32138672
1018,0.77198845,8.928776e-05
1019,0.90388596,4.029274e-05
1020,0.51604813,0.9998047
1021,0.21440947,1.0
1022,0.4799127,3.6287307e-05
1023,0.502513,0.021731567
1024,0.512722,6.3872336e-05
1025,0.84219664,0.003467083
1026,0.5074717,1.5223026e-05
1027,0.51151,0.00015656948
1028,0.9294964,0.00042755605
1029,0.5237508,1.1229515e-05
1030,0.62190163,1.0
1031,0.5964149,0.000120508674
1032,0.48912755,0.00061340333
1033,0.49060392,1.7631053e-05
1034,0.46384412,0.010493469
1035,0.76245725,1.0
1036,0.07537331,0.00010099411
1037,0.8259037,0.16220805
1038,0.7669283,1.0
1039,0.18270402,1.0
1040,0.7420913,1.0
1041,0.59907436,1.0
1042,0.551367,1.0
1043,0.84417695,0.0006403327
1044,0.78644705,1.0
1045,0.50492305,8.106232e-07
1046,0.52081996,1.0
1047,0.49009976,2.9540062e-05
1048,0.48879313,0.6104981
1049,0.49013346,1.0
1050,0.13955486,0.9986328
1051,0.91318333,0.0013486862
1052,0.49544638,5.745888e-06
1053,0.50111455,3.4213067e-06
1054,0.7610132,1.0
1055,0.80228806,1.0
1056,0.49644738,2.5987624e-06
1057,0.5161256,2.144575e-05
1058,0.7221662,1.0
1059,0.5003778,3.0303001e-05
1060,0.14655563,1.0
1061,0.26839244,0.00039229394
1062,0.7411889,1.0
1063,0.49698487,8.440018e-06
1064,0.1892347,0.931543
1065,0.76893806,0.29727587
1066,0.76980954,1.0
1067,0.79365575,1.0
1068,0.77058315,1.0
1069,0.49039906,1.0
1070,0.11476686,1.0
1071,0.876445,5.569458e-05
1072,0.7604931,0.00016047954
1073,0.5077983,2.7430058e-05
1074,0.52263653,4.777908e-05
1075,0.5005675,1.4281273e-05
1076,0.3073178,1.0
1077,0.39154476,1.0
1078,0.49309635,0.010935569
1079,0.5062477,1.0
1080,0.50165963,0.00012831688
1081,0.47613668,1.0
1082,0.5104619,5.6624413e-06
1083,0.49993905,0.18515626
1084,0.772889,1.0
1085,0.68004024,1.0
1086,0.5019997,1.0
1087,0.5046188,1.0
1088,0.48613983,0.0004716158
1089,0.18807378,0.5550415
1090,0.7671491,1.0
1091,0.51329535,1.0
1092,0.51433223,0.0004250288
1093,0.14167197,0.9986328
1094,0.4959422,1.0
1095,0.51497173,0.09150696
1096,0.7778292,1.0
1097,0.90802944,0.0026168108
1098,0.6796727,0.99677736
1099,0.30670422,1.0
1100,0.5021473,0.32841796
1101,0.78044933,0.00019079447
1102,0.50599366,2.491474e-06
1103,0.29889804,0.000311327
1104,0.052996807,0.00015529394
1105,0.5175909,0.020415496
1106,0.47925925,0.0012085915
1107,0.59380895,1.0
1108,0.7165976,0.00014605522
1109,0.5000396,0.15326539
1110,0.5375272,0.26879424
1111,0.78276235,1.0
1112,0.25689593,0.73427737
1113,0.15492804,0.0006476402
1114,0.7864049,0.000108134744
1115,0.4942308,1.0
1116,0.5305573,1.0
1117,0.50890195,8.690357e-06
1118,0.55131406,0.003326869
1119,0.50498784,2.6476384e-05
1120,0.28297272,1.0
1121,0.19143549,8.233786e-05
1122,0.5853658,1.0
1123,0.16893433,1.0
1124,0.09939025,1.0
1125,0.4884057,1.0
1126,0.56206876,0.9998047
1127,0.52415633,0.9423828
1128,0.5167603,1.0
1129,0.7808442,1.0
1130,0.5312977,1.0
1131,0.5079968,0.9998047
1132,0.80729026,0.0005842924
1133,0.5994998,9.584427e-06
1134,0.5341818,1.0
1135,0.4618114,0.009183693
1136,0.49552527,0.07437873
1137,0.47723308,0.22703305
1138,0.7965085,0.00036891698
1139,0.51944286,8.034706e-06
1140,0.17798209,1.0
1141,0.76342994,0.9993164
1142,0.4992869,0.9998047
1143,0.887829,0.00015354156
1144,0.694684,0.0095590595
1145,0.8055829,0.9994141
1146,0.51320535,0.0055481913
1147,0.5153204,5.6385993e-06
1148,0.75281584,0.9998047
1149,0.483066,0.10984377
1150,0.4850374,0.99902344
1151,0.4988645,1.0
1152,0.4936699,1.0
1153,0.9156679,0.9993164
1154,0.4910852,1.0
1155,0.81043833,0.9988281
1156,0.23607364,1.0
1157,0.7755822,1.0
1158,0.41043052,0.9995117
1159,0.51522815,1.1956692e-05
1160,0.7596699,0.003216076
1161,0.50074077,1.0
1162,0.7697379,0.0037765026
1163,0.49543804,1.3589859e-06
1164,0.089356,1.0
1165,0.50081027,0.9988281
1166,0.5067998,4.708767e-06
1167,0.7453419,0.99970704
1168,0.5829468,1.0
1169,0.5020652,1.0
1170,0.72805005,0.9595703
1171,0.49690634,4.911423e-06
1172,0.49055356,1.0
1173,0.5331296,0.020066071
1174,0.67912376,0.071452245
1175,0.50741386,3.4070013e-05
1176,0.44122282,0.7680359
1177,0.49705896,2.1088123e-05
1178,0.73848486,8.3196166e-05
1179,0.5045622,1.0
1180,0.67035925,0.026704287
1181,0.5128228,2.2697448e-05
1182,0.50651693,0.00011162758
1183,0.49329227,0.08614864
1184,0.48028678,1.0
1185,0.5971168,0.0050076246
1186,0.56283224,1.0
1187,0.8155268,1.0
1188,0.75408447,1.0
1189,0.49898046,1.0
1190,0.5365044,0.00085657835
1191,0.7796726,0.30148768
1192,0.78692734,0.000116360185
1193,0.51266086,0.010521889
1194,0.7681894,1.0
1195,0.37934387,3.1137468e-05
1196,0.5591435,1.0
1197,0.5448444,1.0
1198,0.34578764,0.21766357
1199,0.50616014,1.0
1200,0.51419705,0.56582034
1201,0.3578612,8.0704685e-06
1202,0.5035665,5.259514e-05
1203,0.5114582,1.0
1204,0.5113246,0.9994141
1205,0.8227296,1.0
1206,0.81677896,0.00017627477
1207,0.19327757,0.89404297
1208,0.7027982,0.7939453
1209,0.7316748,8.015633e-05
1210,0.11631773,0.99990237
1211,0.16416673,0.0021452904
1212,0.7400669,4.8530103e-05
1213,0.51558226,1.0
1214,0.62447166,4.661083e-06
1215,0.4994836,0.9993164
1216,0.47912788,1.0
1217,0.749712,3.6740304e-05
1218,0.7087973,0.994043
1219,0.5217565,0.028769827
1220,0.5955807,0.11110611
1221,0.572381,0.54003906
1222,0.5002691,0.00029249192
1223,0.75726247,1.0
1224,0.47134733,0.59658206
1225,0.761929,1.0
1226,0.49855942,1.0
1227,0.47474813,5.3286553e-06
1228,0.4988606,0.99960935
1229,0.5007247,0.0008283138
1230,0.7218077,9.584427e-05
1231,0.37028578,2.0873547e-05
1232,0.48819143,1.3542175e-05
1233,0.51038396,0.012426567
1234,0.49099368,1.0
1235,0.4972829,0.003241694
1236,0.75487745,0.9998047
1237,0.101948604,1.0
1238,0.79798394,0.9998047
1239,0.7989029,0.99921876
1240,0.73847497,8.23617e-05
1241,0.5065413,0.99990237
1242,0.8374027,0.00044192077
1243,0.764814,8.8095665e-05
1244,0.50945437,1.0
1245,0.519686,2.8145314e-05
1246,0.5126687,0.0105533125
1247,0.48401612,0.0004165888
1248,0.42394513,0.99960935
1249,0.5899359,0.33720702
1250,0.7788804,0.99990237
1251,0.18677099,2.5832653e-05
1252,0.5030595,3.6478043e-06
1253,0.1818575,1.0
1254,0.7320949,0.00029147865
1255,0.4926582,1.0
1256,0.82406634,8.0370904e-05
1257,0.13407579,0.99990237
1258,0.6462716,1.0
1259,0.76906383,0.99990237
1260,0.43491477,1.0
1261,0.50781775,1.0
1262,0.7262018,1.0
1263,0.74485826,1.0
1264,0.5459718,1.0
1265,0.48350558,0.018225908
1266,0.78929245,0.9998047
1267,0.89246273,4.428625e-05
1268,0.74059457,5.300045e-05
1269,0.7526002,0.000102651116
1270,0.51724786,0.99960935
1271,0.4313999,1.0
1272,0.39236897,0.98046875
1273,0.627785,1.0
1274,0.44200316,0.99990237
1275,0.7082778,0.9998047
1276,0.51222324,3.275871e-05
1277,0.493797,0.0010443687
1278,0.7488659,0.99990237
1279,0.77219945,1.0
1280,0.47802067,1.0
1281,0.77833503,0.99853516
1282,0.09632762,6.519556e-05
1283,0.85820276,0.0004637718
1284,0.943872,1.0
1285,0.5842435,0.34246236
1286,0.5024006,0.0013090372
1287,0.7090491,1.0
1288,0.50583476,1.0
1289,0.5638328,0.9998047
1290,0.5105823,0.99990237
1291,0.49936217,3.9815905e-06
1292,0.50488776,3.4332274e-06
1293,0.7745708,1.0
1294,0.500885,0.0003282547
1295,0.81543237,0.99785155
1296,0.50838363,0.012751961
1297,0.5144059,0.0077081444
1298,0.82064474,0.00033733845
1299,0.68995315,1.0
1300,0.50852513,1.0
1301,0.7711884,1.0
1302,0.44395047,0.38271484
1303,0.14699438,1.0
1304,0.45437822,1.0
1305,0.49645796,6.0427188e-05
1306,0.50553125,1.0
1307,0.8875082,7.5137614e-05
1308,0.75328755,1.0
1309,0.4850439,1.0
1310,0.09610803,0.00043823718
1311,0.49588346,1.0
1312,0.9138336,3.0624866e-05
1313,0.7706477,1.0
1314,0.73644745,1.0
1315,0.19062904,0.0001883626
1316,0.49841866,2.0110607e-05
1317,0.78807694,1.0
1318,0.67394334,1.13248825e-05
1319,0.50750047,0.0005465507
1320,0.3301518,0.9951172
1321,0.49961004,1.0
1322,0.7853793,1.5699863e-05
1323,0.1105613,0.0006175518
1324,0.50688857,0.007495284
1325,0.521511,0.00017894506
1326,0.6375721,1.0
1327,0.11423898,1.0
1328,0.5220755,0.0047852756
1329,0.5041498,4.6730042e-06
1330,0.5625055,1.0
1331,0.54221565,1.0
1332,0.7426669,3.8075446e-05
1333,0.496727,3.4034252e-05
1334,0.49999246,1.0
1335,0.52642745,1.0
1336,0.7764197,0.9963867
1337,0.52825314,1.4352799e-05
1338,0.50284743,0.0002995014
1339,0.4866448,1.0
1340,0.5119403,3.1220912e-05
1341,0.61620826,1.0
1342,0.5105463,0.000102841856
1343,0.7501285,1.0
1344,0.510306,1.0
1345,0.7691462,0.00018521547
1346,0.22030178,1.0
1347,0.52294433,3.231764e-05
1348,0.49014205,6.3419343e-06
1349,0.7695217,1.0
1350,0.73259896,7.314682e-05
1351,0.42480093,0.9998047
1352,0.68935597,0.006480694
1353,0.66683793,0.18709412
1354,0.50467336,0.0021086931
1355,0.17180803,0.99990237
1356,0.53168356,1.0
1357,0.7824804,1.0
1358,0.3569607,0.5973145
1359,0.540897,1.0
1360,0.51732326,4.041195e-06
1361,0.5260862,1.0
1362,0.49872643,1.5866757e-05
1363,0.5140358,0.00019704104
1364,0.33121604,1.0
1365,0.7348266,2.0158292e-05
1366,0.51230043,1.360178e-05
1367,0.4997712,3.1971933e-05
1368,0.5502047,0.07265053
1369,0.09808974,0.99990237
1370,0.5198747,7.8737736e-05
1371,0.71464413,1.0
1372,0.756549,1.577139e-05
1373,0.48653555,0.19100133
1374,0.7405976,0.99970704
1375,0.51276046,4.700422e-05
1376,0.5914525,0.073050305
1377,0.74440897,1.0
1378,0.69631064,1.0
1379,0.6918698,1.0
1380,0.5099405,1.0
1381,0.16330285,1.0
1382,0.59002674,1.0
1383,0.5430831,1.0
1384,0.7476896,5.5515768e-05
1385,0.73528874,7.03454e-05
1386,0.43096384,0.13427846
1387,0.75027025,1.0
1388,0.49060947,1.0
1389,0.5044177,2.7537346e-06
1390,0.8260357,0.99990237
1391,0.77558947,0.9995117
1392,0.50415385,0.99990237
1393,0.4949328,0.082988106
1394,0.48517913,3.5095214e-05
1395,0.4888913,0.019726384
1396,0.15578365,1.0
1397,0.653649,0.99990237
1398,0.40377158,1.0
1399,0.7592081,7.909536e-05
1400,0.7121331,1.0
1401,0.5324994,2.7811528e-05
1402,0.7478527,1.0
1403,0.5108863,1.0
1404,0.52445614,7.277727e-05
1405,0.8075781,0.99228513
1406,0.5059063,1.7523765e-06
1407,0.5257196,0.00019559861
1408,0.10682054,0.9998047
1409,0.53188765,0.00011718273
1410,0.50717676,0.015530598
1411,0.67738837,3.683567e-05
1412,0.5046684,1.0
1413,0.4936472,0.0004038334
1414,0.69354516,1.0
1415,0.51278865,1.0
1416,0.5095099,5.135536e-05
1417,0.12812445,1.0
1418,0.31750083,1.0
1419,0.7724884,1.0
1420,0.5141095,5.054474e-06
1421,0.17385933,5.185604e-06
1422,0.51280296,0.7173828
1423,0.5352205,0.00076334475
1424,0.7231327,1.0
1425,0.49942237,0.0035177947
1426,0.61517227,0.99990237
1427,0.46496812,1.0
1428,0.61122453,1.0
1429,0.50440603,5.9342383e-05
1430,0.18153106,0.0012425542
1431,0.78022707,0.00022563935
1432,0.50763476,0.00024461746
1433,0.84996253,1.0
1434,0.55273634,1.0
1435,0.7169293,1.0
1436,0.05610609,8.19087e-05
1437,0.57944155,8.678437e-06
1438,0.5018575,2.5510788e-06
1439,0.787243,5.748272e-05
1440,0.7546691,1.0
1441,0.56584245,1.0
1442,0.5242324,1.0
1443,0.6401792,1.0
1444,0.4208048,0.9076172
1445,0.7249064,0.00019080639
1446,0.5056673,1.0
1447,0.77760446,0.99990237
1448,0.9057066,0.00043526888
1449,0.5068517,8.516312e-05
1450,0.5309631,1.0
1451,0.78127915,1.0
1452,0.6615995,9.87649e-05
1453,0.78370637,1.0
1454,0.64950955,4.4834615e-05
1455,0.5143655,0.042091228
1456,0.5105945,0.99990237
1457,0.52349687,0.2031726
1458,0.5035156,1.4054775e-05
1459,0.60692084,0.0777422
1460,0.83222896,0.00051385164
1461,0.49024758,1.2397766e-06
1462,0.52479655,2.2888185e-06
1463,0.14131333,1.0
1464,0.8719363,0.00014793873
1465,0.495193,0.01867485
1466,0.75775284,0.00010743141
1467,0.6860058,1.0
1468,0.53636426,0.8998047
1469,0.5597107,1.0
1470,0.61268747,1.0
1471,0.50097275,0.023602773
1472,0.5020376,1.0
1473,0.5012612,1.0
1474,0.19069181,1.0
1475,0.48214555,1.0
1476,0.52446187,3.1948089e-06
1477,0.6085146,0.001970911
1478,0.51817065,1.0
1479,0.53741854,9.143352e-06
1480,0.51037514,0.09991281
1481,0.50734043,0.0027627945
1482,0.49452534,0.0003802538
1483,0.4963936,0.27447358
1484,0.79599047,0.99990237
1485,0.51071995,1.0
1486,0.45197803,0.9998047
1487,0.8428418,0.00014772415
1488,0.51191556,0.00033226013
1489,0.4988946,3.7872793e-05
1490,0.82798845,1.0
1491,0.74453366,0.99990237
1492,0.49308863,1.0
1493,0.63120353,1.0
1494,0.21445398,1.0
1495,0.5044935,9.763241e-06
1496,0.118013956,0.00015208722
1497,0.1493257,1.0
1498,0.90527344,4.582405e-05
1499,0.49832854,0.00013551713
1500,0.5006497,1.0
1501,0.79275817,1.0
1502,0.54196405,0.0006742716
1503,0.53728205,0.017462064
1504,0.3466262,5.76973e-06
1505,0.8313185,0.0007639766
1506,0.5029246,0.2210617
1507,0.8936922,0.00013751983
1508,0.4968536,0.030161476
1509,0.5142358,0.99970704
1510,0.14772674,4.1818617e-05
1511,0.47811675,0.99990237
1512,0.5106979,1.783371e-05
1513,0.50082934,0.0057025673
1514,0.21929805,1.0
1515,0.50042105,0.00029906034
1516,0.51592785,0.03637619
1517,0.5171296,3.374815e-05
1518,0.7176498,0.00015542508
1519,0.5028462,1.0
1520,0.101452686,1.0
1521,0.51042014,0.99990237
1522,0.5661208,0.115435794
1523,0.7173784,0.000100898746
1524,0.1597652,0.00017793178
1525,0.5168514,0.012660205
1526,0.7656551,1.0
1527,0.49959177,2.4724006e-05
1528,0.31543455,0.00022844077
1529,0.5049415,0.0039987564
1530,0.7609521,0.00040180684
1531,0.7610508,0.99316406
1532,0.50949794,2.0635129e-05
1533,0.47283584,0.1067543
1534,0.92150086,0.0002508998
1535,0.51209486,0.0012498975
1536,0.4842705,8.573532e-05
1537,0.8860965,1.4019012e-05
1538,0.6750372,1.1348724e-05
1539,0.732816,1.0
1540,0.76855004,1.0
1541,0.4762838,6.222725e-05
1542,0.514421,1.0
1543,0.52348924,0.03836899
1544,0.7761055,0.99990237
1545,0.5208103,0.000104165076
1546,0.7627449,1.0
1547,0.6995822,0.0003017187
1548,0.9081783,2.7287006e-05
1549,0.85774404,1.0
1550,0.13469084,0.9998047
1551,0.8027838,1.0740757e-05
1552,0.48778486,1.0
1553,0.52135766,0.9603516
1554,0.51506037,1.0
1555,0.18853891,0.7810547
1556,0.0997843,0.000120592114
1557,0.09492724,1.0
1558,0.50626075,0.011971379
1559,0.55656064,0.9249023
1560,0.52530086,1.0
1561,0.50037223,0.00078122615
1562,0.3324559,0.99990237
1563,0.54337394,0.00045930146
1564,0.36705643,1.11937525e-05
1565,0.82158357,1.0311604e-05
1566,0.48751616,3.618002e-05
1567,0.13995142,1.0
1568,0.77427614,0.00028808118
1569,0.22042947,1.0
1570,0.3977092,2.7740001e-05
1571,0.5108653,0.0016401529
1572,0.64602184,1.9097328e-05
1573,0.5078083,0.00030579566
1574,0.70581377,0.7984375
1575,0.677168,0.99990237
1576,0.7511987,3.5452842e-05
1577,0.48965,1.0
1578,0.5679604,1.0
1579,0.77921426,1.0
1580,0.18311374,0.9975586
1581,0.24033746,0.0040504457
1582,0.49347097,0.00054199697
1583,0.14935288,0.00029959678
1584,0.13201423,1.0
1585,0.76721936,1.0
1586,0.7143072,6.632805e-05
1587,0.5587516,0.016281892
1588,0.91789865,6.132126e-05
1589,0.5002416,1.0
1590,0.10225205,1.0
1591,0.4811422,0.12784156
1592,0.36031747,4.1794778e-05
1593,0.5389721,1.0
1594,0.78122526,1.1909008e-05
1595,0.19225547,1.0
1596,0.5272671,5.841255e-06
1597,0.68776053,1.0
1598,0.4865418,0.037179567
1599,0.5117875,2.4485587e-05
1600,0.49959916,8.571148e-06
1601,0.8102312,0.00021835565
1602,0.482517,1.0
1603,0.46882787,0.0033657313
1604,0.29376456,1.0
1605,0.6405921,1.0
1606,0.48143762,1.0
1607,0.79345834,0.9998047
1608,0.49512035,0.00010690689
1609,0.5542141,1.0
1610,0.5688713,1.0
1611,0.4921791,1.0
1612,0.25779793,1.0
1613,0.660409,0.00019944906
1614,0.7150297,8.1264974e-05
1615,0.7669557,0.9998047
1616,0.51260537,1.0
1617,0.7731119,1.0
1618,0.7560223,1.0
1619,0.8221208,0.00018527507
1620,0.50023794,1.0
1621,0.5081833,1.5056134e-05
1622,0.4504915,1.0
1623,0.5090924,0.9998047
1624,0.910715,0.0008300662
1625,0.73260576,1.0
1626,0.4945367,1.0
1627,0.4627532,1.0
1628,0.49847335,0.15646973
1629,0.5120269,1.0
1630,0.16743411,0.00047444104
1631,0.8925894,0.000120818615
1632,0.49294272,1.4221669e-05
1633,0.49098834,0.02669258
1634,0.42000613,0.20928955
1635,0.20223291,1.0
1636,0.49697128,1.0
1637,0.30515456,0.9998047
1638,0.10267379,9.9182125e-06
1639,0.8141755,1.0
1640,0.5221168,1.0
1641,0.5054572,1.7642975e-06
1642,0.7280949,1.0
1643,0.78847617,1.0
1644,0.76464456,1.0
1645,0.108858034,1.0
1646,0.49803096,0.22938232
1647,0.41655836,1.0
1648,0.7819967,0.99990237
1649,0.7558019,0.00014154911
1650,0.7150171,0.00018917322
1651,0.51358545,4.7194957e-05
1652,0.87127006,1.0
1653,0.77280074,1.0
1654,0.5608445,0.73759764
1655,0.54360884,1.0
1656,0.5055175,0.0077281953
1657,0.7898189,1.0
1658,0.4774211,0.0018798828
1659,0.06561116,7.653236e-06
1660,0.553962,0.0045648934
1661,0.5072229,0.00040090084
1662,0.5094664,1.0
1663,0.7314895,0.9998047
1664,0.71522176,0.00014954805
1665,0.7580789,9.839535e-05
1666,0.48196563,1.0
1667,0.42758077,1.0
1668,0.5265713,1.0
1669,0.81024665,0.0001375556
1670,0.5949117,2.026558e-05
1671,0.8432357,0.0017853737
1672,0.7554962,1.0
1673,0.5167609,9.286404e-06
1674,0.5630464,0.99990237
1675,0.5262844,0.11733933
1676,0.83073103,1.0
1677,0.50729257,0.0035719157
1678,0.685692,4.147291e-05
1679,0.51350576,8.490086e-05
1680,0.65065897,1.0
1681,0.754439,1.0
1682,0.50931567,3.361702e-06
1683,0.77580035,1.0
1684,0.7608936,1.0
1685,0.6534568,2.8300285e-05
1686,0.18197158,1.0
1687,0.8829462,2.2816657e-05
1688,0.5027485,0.0002979994
1689,0.16452917,2.2351742e-05
1690,0.49995312,1.0
1691,0.8406929,0.00015125275
1692,0.7832837,1.0
1693,0.1801581,1.0
1694,0.15248197,0.9508789
1695,0.5119003,9.326935e-05
1696,0.51556146,1.0
1697,0.5099706,1.0
1698,0.48736653,3.7431716e-06
1699,0.7851881,0.99960935
1700,0.5063488,2.657175e-05
1701,0.572599,1.0
1702,0.70825595,0.99990237
1703,0.52431214,6.2561034e-05
1704,0.50642043,0.9998047
1705,0.8046972,3.5190584e-05
1706,0.8350598,1.0
1707,0.4884304,6.968975e-05
1708,0.5082858,0.00053112506
1709,0.5025639,0.00054035184
1710,0.5303266,0.07012691
1711,0.14407413,1.0
1712,0.5236727,0.19810113
1713,0.5109846,1.1336803e-05
1714,0.7966515,0.00016326904
1715,0.530277,0.99990237
1716,0.7552098,1.0
1717,0.4968236,0.0007604122
1718,0.7589749,1.0
1719,0.8005516,0.99990237
1720,0.50810325,1.4543533e-06
1721,0.25616413,1.0
1722,0.76304185,0.0009733915
1723,0.23181331,0.99960935
1724,0.7020244,1.0
1725,0.24024591,8.320809e-06
1726,0.71474206,9.3376635e-05
1727,0.16951361,1.0
1728,0.52129334,0.003477168
1729,0.4106759,1.0
1730,0.51167977,2.6345253e-06
1731,0.49307355,0.017804718
1732,0.10927139,3.721714e-05
1733,0.75730157,0.99990237
1734,0.18168613,1.0
1735,0.1606642,0.99990237
1736,0.28346974,2.9087067e-05
1737,0.49612284,1.0
1738,0.39858297,1.0
1739,0.68270504,4.7409536e-05
1740,0.4951311,0.9970703
1741,0.7767776,1.0
1742,0.49903828,0.0026849986
1743,0.4982342,1.0
1744,0.6942979,1.0
1745,0.20616302,1.0
1746,0.80746585,1.0
1747,0.7344441,1.0
1748,0.46744442,1.0
1749,0.17829624,1.0
1750,0.496838,0.002414608
1751,0.7759509,1.0
1752,0.48845524,0.0002550721
1753,0.519951,0.000104665756
1754,0.4928797,0.00097019674
1755,0.48663026,2.0635129e-05
1756,0.78974897,1.0
1757,0.50497115,1.0
1758,0.2905223,2.2315979e-05
1759,0.8969585,8.047819e-05
1760,0.4913237,1.0
1761,0.51129997,1.7273425e-05
1762,0.75522757,4.9304963e-05
1763,0.5009473,9.0229514e-05
1764,0.50784713,0.00019336939
1765,0.5016479,0.0003929615
1766,0.5011031,0.005194998
1767,0.5103723,3.1232835e-06
1768,0.5026312,0.0001254797
1769,0.8193968,0.00030767918
1770,0.7131064,0.0001365304
1771,0.5126394,0.00018049478
1772,0.5043796,1.9228459e-05
1773,0.59007144,0.0027276755
1774,0.17217916,0.99970704
1775,0.42606822,1.0
1776,0.51120824,1.0
1777,0.4827261,0.68408203
1778,0.46559072,1.0
1779,0.5104119,0.00055326225
1780,0.50479287,1.0
1781,0.50302726,1.0
1782,0.6696768,1.0
1783,0.5062595,1.0
1784,0.49671316,3.2305718e-06
1785,0.7624499,0.9998047
1786,0.51466554,4.4417382e-05
1787,0.516312,1.0
1788,0.5218016,0.19789648
1789,0.25650817,2.3293494e-05
1790,0.7681558,1.0
1791,0.80156785,0.99960935
1792,0.61668843,1.0
1793,0.79946345,1.0
1794,0.49416775,1.0
1795,0.42573255,0.9994141
1796,0.72761005,1.2052059e-05
1797,0.50581706,0.033449553
1798,0.50485224,1.0
1799,0.49314943,2.8395652e-05
1800,0.4974443,1.0
1801,0.5098929,9.586811e-05
1802,0.7284758,6.0629845e-05
1803,0.49562892,2.8800965e-05
1804,0.77463925,1.0
1805,0.2528488,0.69145507
1806,0.16898526,1.0
1807,0.5655941,1.0
1808,0.06406353,5.0282477e-05
1809,0.77289474,0.9998047
1810,0.4963347,0.00010271072
1811,0.51423156,1.4019012e-05
1812,0.50473154,0.029659176
1813,0.50808924,1.0
1814,0.512138,1.0
1815,0.9074069,4.7230722e-05
1816,0.50364894,1.0
1817,0.82730913,0.000727272
1818,0.44238824,1.0
1819,0.49878454,1.0
1820,0.49629673,1.437664e-05
1821,0.49956042,0.000112581256
1822,0.48994797,2.1660328e-05
1823,0.6812763,1.0
1824,0.46491414,0.39284974
1825,0.49621582,1.0
1826,0.51614636,0.996875
1827,0.32881063,1.9669533e-06
1828,0.7772955,0.00016422271
1829,0.5202365,0.021543955
1830,0.8987957,1.4305115e-05
1831,0.7662293,1.0
1832,0.6504029,1.0
1833,0.49229208,0.01225357
1834,0.33263698,2.1100045e-06
1835,0.4996485,9.868145e-05
1836,0.49210018,0.001095891
1837,0.50937593,1.0
1838,0.48174602,1.0
1839,0.7996867,1.0
1840,0.7455393,0.013350296
1841,0.5263771,8.487701e-06
1842,0.24420002,8.442402e-05
1843,0.76387006,1.0
1844,0.5183922,1.0
1845,0.7499808,0.00039002896
1846,0.5413097,9.508133e-05
1847,0.49730808,1.0
1848,0.13630001,1.0
1849,0.4990816,1.36137005e-05
1850,0.7812828,1.0
1851,0.3639074,1.0
1852,0.50992703,1.745224e-05
1853,0.5197636,1.0
1854,0.5507116,1.0
1855,0.73323023,3.6692618e-05
1856,0.42993754,1.0
1857,0.54837793,0.0002128601
1858,0.50956756,5.2809714e-06
1859,0.50671357,0.00014221668
1860,0.8139601,1.0
1861,0.57984394,0.0010128617
1862,0.7466133,0.00028686522
1863,0.5223463,0.00035604238
1864,0.5158488,0.0033408522
1865,0.7745646,0.99970704
1866,0.51308984,1.0
1867,0.7743782,1.0
1868,0.5062229,1.0
1869,0.5318016,0.0007565141
1870,0.7248063,1.0
1871,0.31401265,2.8622151e-05
1872,0.19193965,1.0
1873,0.5106425,1.0
1874,0.14450884,1.0
1875,0.68500346,2.901554e-05
1876,0.268299,0.9993164
1877,0.53794336,0.0006255388
1878,0.76191396,1.0
1879,0.49789602,1.6093254e-06
1880,0.5151439,6.20842e-05
1881,0.5149592,0.0004406929
1882,0.51309687,1.0
1883,0.78110945,2.4914742e-05
1884,0.7730881,1.0
1885,0.5072447,0.0008523345
1886,0.7663569,1.0
1887,0.14056563,1.0
1888,0.82945573,5.581379e-05
1889,0.2721874,0.99970704
1890,0.45414487,5.482435e-05
1891,0.7012887,1.0
1892,0.76247066,1.0
1893,0.5038386,0.011610222
1894,0.7929269,0.99990237
1895,0.7116719,6.9737434e-05
1896,0.636638,4.827976e-06
1897,0.698717,3.581047e-05
1898,0.51197577,0.02463894
1899,0.73001444,2.6142598e-05
1900,0.7456194,1.0
1901,0.064342245,3.6776066e-05
1902,0.7974211,6.269217e-05
1903,0.5148645,1.0
1904,0.7543567,6.928444e-05
1905,0.10515614,0.99970704
1906,0.51666766,1.0
1907,0.5342287,0.18328705
1908,0.52756035,1.0
1909,0.8143972,0.00042996407
1910,0.7637458,0.99990237
1911,0.4976948,5.161762e-06
1912,0.56355894,1.0
1913,0.8049046,1.0
1914,0.5667806,1.0
1915,0.73490494,0.9998047
1916,0.12916128,0.99970704
1917,0.4947103,1.0
1918,0.4142142,0.37332764
1919,0.5965085,0.0001791954
1920,0.51500756,6.6280363e-06
1921,0.498874,5.1915646e-05
1922,0.46046677,0.9984375
1923,0.21649805,1.0
1924,0.5188621,0.00016697645
1925,0.20771635,1.0
1926,0.8296491,2.541542e-05
1927,0.51948553,1.0
1928,0.5066552,1.0
1929,0.7629034,0.99970704
1930,0.72325623,1.0
1931,0.49688548,1.4662743e-06
1932,0.90078104,0.0057849884
1933,0.46206695,1.0
1934,0.16601238,1.0
1935,0.7946273,0.9932617
1936,0.7714221,1.0
1937,0.4583644,1.0
1938,0.8698824,0.00016313791
1939,0.7479886,1.0
1940,0.07550299,0.00482626
1941,0.81720066,3.5607816e-05
1942,0.49859077,0.000143373
1943,0.59354013,1.0
1944,0.7727128,1.0
1945,0.55232877,1.0
1946,0.53281575,0.00035912992
1947,0.1155781,1.0
1948,0.727199,0.000108015534
1949,0.5056076,0.0003358841
1950,0.49886757,0.99990237
1951,0.5020334,4.518032e-05
1952,0.822172,0.00017272234
1953,0.5037737,0.000233078
1954,0.6289303,1.0
1955,0.5364482,1.0
1956,0.056660198,4.732609e-06
1957,0.7502365,7.840395e-05
1958,0.7686604,0.00013948679
1959,0.51537037,0.00059374573
1960,0.64489347,1.0
1961,0.50654495,4.8995016e-06
1962,0.49159837,1.0
1963,0.5090476,0.99960935
1964,0.65247345,0.035887145
1965,0.51689374,6.9618227e-06
1966,0.77071744,1.0
1967,0.19403982,0.8678711
1968,0.12458639,9.9742414e-05
1969,0.54008895,0.0005486488
1970,0.9318797,0.0019817115
1971,0.5700783,0.2160736
1972,0.5108062,1.0
1973,0.16139765,0.8685547
1974,0.17173578,1.0
1975,0.50348693,0.0004000783
1976,0.77331394,0.99960935
1977,0.5038015,8.356571e-06
1978,0.7748884,1.0
1979,0.789883,2.1541118e-05
1980,0.5126092,0.00014322996
1981,0.72661316,1.0
1982,0.1918643,0.99990237
1983,0.5159863,1.0
1984,0.799322,0.99990237
1985,0.64377886,0.99990237
1986,0.7601743,3.129244e-05
1987,0.625833,1.0
1988,0.37608385,0.26694337
1989,0.6670428,0.9994141
1990,0.18669645,1.0
1991,0.49058342,1.8680095e-05
1992,0.45377436,1.0
1993,0.50576484,0.01551609
1994,0.4834668,7.665158e-06
1995,0.9094473,0.00030213594
1996,0.50021946,2.2649765e-06
1997,0.43392664,1.0
1998,0.5491132,0.98398435
1999,0.72184974,1.0
